series,model,order,seasonal_order,aic,bic,test_rmse,test_mae,test_mape
Sales,SARIMA,"(0, 1, 0)","(1, 0, 1, 11)",818.5609327768317,822.8628943902871,4.108585037361147,3.445573754314995,4.008151511897975
Sales,SARIMA,"(1, 1, 0)","(1, 0, 1, 11)",1290.6084378154328,1296.3443866333735,4.168126449592192,3.5153031111957347,4.144016599315969
Sales,SARIMA,"(2, 1, 0)","(1, 0, 1, 11)",1142.2751112094525,1149.2810981177633,4.180277152956971,3.5264633555637515,4.154838329613857
Sales,SARIMA,"(0, 1, 1)","(1, 0, 1, 11)",1145.5941581929671,1151.1989477196157,4.174308831820564,3.5219943898143837,4.154856706451066
Sales,SARIMA,"(1, 1, 1)","(1, 0, 1, 11)",1189.1593590914365,1196.1653459997474,4.20044861782738,3.5442120662409904,4.175077419154256
Sales,SARIMA,"(0, 1, 2)","(1, 0, 1, 11)",1321.6420331064996,1328.478512256432,4.205498723235874,3.551064952849347,4.190554253376603
Sales,SARIMA,"(0, 0, 0)","(1, 0, 1, 11)",1329.7693235268966,1334.166531235296,5.141194447545191,4.082744430385504,4.475653566894207
Sales,SARIMA,"(1, 0, 2)","(1, 0, 1, 11)",1082.0273846938496,1090.4345689838226,4.877066494114797,3.9929955003284436,4.869176871360965
Sales,SARIMA,"(2, 0, 1)","(1, 0, 1, 11)",1056.3397288715048,1064.9436520984157,4.903461652012722,4.018951490038193,4.9005001510565265
Sales,SARIMA,"(0, 0, 2)","(1, 0, 0, 11)",182.52148942105393,188.50751966691985,4.277070851573167,3.1871382696306125,4.900978540415674
Sales,SARIMA,"(1, 0, 1)","(1, 0, 1, 11)",1196.4504906716038,1203.6204266940294,4.806658829818932,3.948669515568555,4.921456775173321
Sales,SARIMA,"(2, 0, 0)","(1, 0, 1, 11)",1114.0277230225227,1121.1976590449483,4.795567627454529,3.9421194770781636,4.937830715576516
Sales,SARIMA,"(1, 0, 0)","(1, 0, 1, 11)",1261.626811089217,1267.489754700416,4.759781906774126,3.9619605890009306,5.1526742772152385
Sales,SARIMA,"(0, 0, 1)","(1, 0, 0, 11)",198.1200115591009,202.60953424350035,4.616924257967925,3.50432544018601,5.269765777642053
Sales,SARIMA,"(0, 0, 0)","(1, 0, 0, 11)",228.25363793225256,231.24665305518553,4.241997066521822,3.2575914009146847,5.383386597244192
Sales,SARIMA,"(1, 0, 1)","(1, 0, 0, 11)",160.80646982546358,166.6694134366625,3.6149609881645928,2.46900129715496,5.7489485313901145
Sales,SARIMA,"(2, 0, 2)","(1, 0, 0, 11)",162.03093628977956,170.63485951669043,3.6457574412848515,2.487818887576538,5.970733089001066
Sales,SARIMA,"(1, 0, 0)","(1, 0, 0, 11)",160.85842465954332,165.2556323679425,3.4937240097907876,2.601874095467164,6.195957141204523
Sales,SARIMA,"(2, 0, 0)","(1, 0, 0, 11)",154.584014271939,160.3199630898796,4.5113539569764365,3.5946502702003755,6.710041677405711
Sales,SARIMA,"(1, 0, 2)","(1, 0, 0, 11)",160.15433322416646,167.4830127381651,4.366767387370511,3.23956607153527,6.935991099549295
Sales,SARIMA,"(0, 1, 1)","(1, 0, 0, 11)",159.50524333473035,163.90245104312953,4.303300565799697,3.895700124526535,8.017395901041038
Sales,SARIMA,"(1, 1, 0)","(1, 0, 0, 11)",153.82998061302743,158.13194222648286,4.287250261152376,3.8380296216489427,8.083386790722386
Sales,SARIMA,"(0, 1, 0)","(1, 0, 0, 11)",159.22802023684363,162.15949204244308,4.455451097152313,4.07847681007837,8.252680182683177
Sales,SARIMA,"(1, 1, 2)","(1, 0, 0, 11)",156.1278475667025,163.29778358912824,4.404837034202487,3.949772401277241,8.391047363187552
Sales,SARIMA,"(1, 1, 1)","(1, 0, 0, 11)",153.72627826583738,159.46222708377798,4.558545336758848,4.134137557077273,8.709878796154696
Sales,SARIMA,"(0, 1, 2)","(1, 0, 0, 11)",159.08476365206542,164.94770726326433,4.66280568129512,4.172723805096876,9.074803473670471
Sales,SARIMA,"(2, 1, 0)","(1, 0, 0, 11)",149.01863756291593,154.62342708956456,4.702367208254818,4.239338281250158,9.121776021244212
Sales,SARIMA,"(2, 1, 1)","(1, 0, 0, 11)",150.7919676350589,157.79795454336968,4.736467474139951,4.293740023634103,9.162143770834176
Sales,SARIMA,"(0, 0, 0)","(1, 1, 1, 11)",175.56273842126458,178.69630573443484,10.70375761734197,10.036778594637722,13.44948045536184
Sales,SARIMA,"(0, 0, 0)","(1, 1, 0, 11)",180.63020136583083,182.81228627254745,10.882155440416998,10.205310379371419,13.642762809153869
Sales,SARIMA,"(2, 0, 1)","(1, 0, 0, 11)",144.85535416905995,152.02529019148568,13.240593110427898,11.798584020203831,14.190623708468284
Sales,SARIMA,"(0, 0, 1)","(1, 1, 0, 11)",157.05697411118885,160.3301014712638,10.88094646609788,10.358137922881742,14.76048702746974
Sales,SARIMA,"(0, 0, 2)","(1, 1, 0, 11)",142.94707721820026,147.3112470316335,11.203935007863148,10.672633517327837,15.240382892405338
Sales,SARIMA,"(0, 0, 1)","(1, 1, 1, 11)",138.8124833281139,142.79541242232986,13.297909964700183,12.410853157900949,15.947497394590435
Sales,SARIMA,"(0, 0, 2)","(1, 1, 1, 11)",121.4787574563282,126.2009523521604,14.333504418812511,13.266492668043748,17.14910714663246
Sales,SARIMA,"(0, 1, 1)","(1, 1, 1, 11)",90.38685613861348,94.16461205527924,10.499388201760008,8.389393630550392,21.586353682625113
Sales,SARIMA,"(1, 1, 0)","(1, 1, 1, 11)",92.87874008677898,96.86166918099494,11.187198184913626,9.086016366121083,23.003971519459014
Sales,SARIMA,"(2, 0, 1)","(1, 1, 0, 11)",94.01199319711623,98.99065456488619,14.601372847958384,12.819067715399228,24.340749606577976
Sales,SARIMA,"(0, 1, 1)","(1, 1, 0, 11)",98.90826943276215,102.04183674593243,12.265345189956127,10.682197076318051,24.68422223979381
Sales,SARIMA,"(0, 1, 2)","(1, 1, 0, 11)",99.26531645901805,103.44340620991174,12.411813366869927,10.84637112780305,24.99620585567664
Sales,SARIMA,"(0, 1, 0)","(1, 1, 1, 11)",100.20718717634831,103.19438399701029,12.4234826342375,10.612850576443277,25.08475455491271
Sales,SARIMA,"(1, 1, 0)","(1, 1, 0, 11)",92.20379084648802,95.19098766715,12.49214571125674,10.99225230314551,25.11174364632164
Sales,SARIMA,"(0, 0, 2)","(0, 1, 1, 11)",134.21514081402984,137.99289673069558,19.80328804521653,18.28912480541425,25.186493418905687
Sales,SARIMA,"(0, 1, 0)","(1, 1, 0, 11)",102.1268261029292,104.21587097837605,12.72617478159263,11.040432818266623,25.64702462269814
Sales,SARIMA,"(0, 0, 1)","(0, 1, 1, 11)",152.6972483855575,155.68444520621946,22.12365356293493,20.543033924817745,26.211209711348566
Sales,SARIMA,"(0, 0, 0)","(0, 1, 1, 11)",180.27932847328475,182.3683733487316,23.24727337928209,21.40002477272061,26.291755259257517
Sales,SARIMA,"(2, 1, 0)","(1, 1, 0, 11)",87.63149171480491,91.40924763147066,13.353604458656168,12.097171276169602,26.609681460996566
Sales,SARIMA,"(1, 1, 1)","(1, 1, 0, 11)",92.39121687457471,96.37414596879067,14.494985947522114,13.561997163938123,28.385947019915264
Sales,SARIMA,"(0, 1, 0)","(0, 1, 0, 11)",187.6101302875636,189.04411749204874,14.470314440260106,11.827272727272735,29.7910799920171
Sales,SARIMA,"(0, 1, 1)","(0, 1, 0, 11)",183.81581924450973,186.61821400783404,14.540071740378535,11.85891323135953,29.923520093355638
Sales,SARIMA,"(1, 1, 0)","(0, 1, 0, 11)",189.3032890006945,192.1712634096648,14.604762486109136,11.887708268578871,30.042738520136613
Sales,SARIMA,"(0, 1, 2)","(0, 1, 0, 11)",179.41993582312836,183.52182331308776,15.014251265038931,12.093158555477684,30.779297020824654
Sales,SARIMA,"(1, 1, 2)","(0, 1, 0, 11)",181.3793064616532,186.84848978159908,15.109914221852561,12.165805201703817,30.96020780291292
Sales,SARIMA,"(1, 1, 1)","(0, 1, 0, 11)",185.29479101417573,189.4983831591622,15.15278294256924,12.196995363578274,31.008259223007705
Sales,SARIMA,"(2, 1, 0)","(0, 1, 0, 11)",184.9472783382509,189.15087048323736,15.175134411198899,12.217636533265456,31.075575836770724
Sales,SARIMA,"(2, 1, 1)","(0, 1, 0, 11)",186.9335799812017,192.53836950785032,15.241202910329688,12.266113109545092,31.19305016531656
Sales,SARIMA,"(2, 0, 1)","(0, 1, 0, 11)",192.78479965667617,198.52074847461677,15.266188126963291,12.317188133321782,31.217112009602175
Sales,SARIMA,"(2, 0, 2)","(0, 1, 0, 11)",188.6906725171627,195.69665942547348,15.313380939676481,12.255393463252249,31.312487306609626
Sales,SARIMA,"(1, 0, 2)","(0, 1, 0, 11)",186.7367861601996,192.34157568684824,15.570300951240418,12.326718374129241,31.645140627917172
Sales,SARIMA,"(2, 0, 0)","(1, 1, 0, 11)",94.01866917455104,98.001598268767,17.573524026530166,17.298977297532243,31.821288659103402
Sales,SARIMA,"(0, 0, 0)","(0, 1, 0, 11)",272.00350428779507,273.4692401905948,29.140428024559718,26.736363636363635,32.513158524357316
Sales,SARIMA,"(0, 0, 1)","(0, 1, 0, 11)",234.98477936341314,237.85275377238344,29.167813605037022,26.841702617335333,33.03463862817762
Sales,SARIMA,"(2, 0, 0)","(1, 1, 1, 11)",94.43495558554707,99.41361695331703,18.842532309088885,18.598107912333464,33.55473099240026
Sales,SARIMA,"(0, 1, 0)","(0, 1, 1, 11)",101.63141008540842,103.6228746325164,17.25609147823071,15.820757775152396,34.06537734985912
Sales,SARIMA,"(0, 0, 2)","(0, 1, 0, 11)",216.08588222673558,220.28947437172204,29.28675788658956,26.902222290509403,34.49737029729078
Sales,SARIMA,"(2, 0, 0)","(0, 1, 0, 11)",191.13429540819956,195.436257021655,17.09130570987065,14.970771292031527,34.501395778784
Sales,SARIMA,"(1, 0, 1)","(0, 1, 0, 11)",191.1626330648297,195.46459467828512,17.35956457867055,15.415653811024667,34.96647439352256
Sales,SARIMA,"(2, 1, 0)","(0, 1, 1, 11)",92.85298081320204,96.835909907418,18.261377958682278,17.043926575730712,35.76297168139486
Sales,SARIMA,"(1, 1, 0)","(0, 1, 1, 11)",94.66438440417834,97.65158122484031,18.896397234481967,17.95128612470532,36.42787206297165
Sales,SARIMA,"(1, 0, 0)","(0, 1, 0, 11)",194.73312420106726,197.6645960066667,18.347286208753992,16.90547038574873,36.5472011640223
Sales,SARIMA,"(0, 1, 1)","(0, 1, 1, 11)",90.75829569134626,93.59161262884558,19.221183906251053,18.41636550405664,36.58854983660616
Sales,SARIMA,"(1, 1, 1)","(0, 1, 1, 11)",89.92397313178247,93.70172904844824,19.22145411517688,18.19347843826039,37.16062032865229
Sales,SARIMA,"(0, 1, 2)","(0, 1, 1, 11)",84.85741569135314,88.4189027229378,19.58091008925334,18.72056852388637,37.561313196163844
Sales,SARIMA,"(1, 0, 2)","(1, 1, 0, 11)",100.12446629023934,105.34707847885646,22.96684287149454,22.713220051871307,37.74349942937633
Sales,SARIMA,"(1, 0, 1)","(1, 1, 0, 11)",98.85733203252288,103.03542178341657,25.980793391204706,25.56377957272666,40.80705464660968
Sales,SARIMA,"(1, 0, 1)","(1, 1, 1, 11)",95.50640748328134,100.4850688510513,28.619190448037283,27.8653681656324,43.175230420474634
Sales,SARIMA,"(0, 0, 2)","(1, 0, 1, 11)",1243.5429343368876,1250.5489212451985,26.450764526269605,14.956983204992293,46.92492476654646
Sales,SARIMA,"(1, 0, 0)","(1, 1, 0, 11)",99.03258755320775,102.16615486637802,33.22966718329734,32.24773008953551,48.56096211883607
Sales,SARIMA,"(1, 0, 2)","(0, 1, 1, 11)",90.74709227061274,95.46928716644494,34.20490896211538,33.79691408724391,53.49603441552683
Sales,SARIMA,"(1, 0, 0)","(1, 1, 1, 11)",99.85528905263341,104.0333788035271,39.359328862397255,37.45221771542851,53.948900003614284
Sales,SARIMA,"(1, 0, 1)","(0, 1, 1, 11)",98.81287501108223,102.79580410529819,37.232801363231616,36.50713600104413,55.82045458344788
Sales,SARIMA,"(2, 0, 0)","(0, 1, 1, 11)",103.13107033201243,107.30916008290612,38.639546325735445,37.75614364554162,57.142606379522434
Sales,SARIMA,"(2, 0, 1)","(0, 1, 1, 11)",101.20637433781465,106.18503570558461,39.24926906295132,38.299290350155076,57.637717191013806
Sales,SARIMA,"(1, 0, 0)","(0, 1, 1, 11)",101.26407142100479,104.39763873417506,40.4101045640577,39.34353265112775,58.83643636534317
Sales,SARIMA,"(2, 0, 2)","(0, 0, 0, 11)",343.5731717591586,352.1410320926801,41.49924249611021,32.142767882187215,84.84821585020218
Sales,SARIMA,"(2, 0, 1)","(0, 0, 0, 11)",349.1553875321631,356.10606600529655,43.21032755980762,33.716273150814864,88.21209315492072
Sales,SARIMA,"(1, 1, 2)","(0, 0, 0, 11)",337.9232049116103,344.678722728066,46.28091085199504,39.61944538912695,89.45433972064542
Sales,SARIMA,"(2, 1, 2)","(0, 0, 0, 11)",339.8878219204307,348.3322191910004,46.44286052434508,39.73908339131237,89.8771536709485
Sales,SARIMA,"(2, 1, 1)","(0, 0, 0, 11)",345.24294554771507,352.0972338145323,46.47173830504793,39.66030166480119,90.43327499064942
Sales,SARIMA,"(1, 1, 1)","(0, 0, 0, 11)",343.2452799021761,348.385996102289,46.48214137076628,39.67541460726442,90.49369289833365
Sales,SARIMA,"(0, 0, 1)","(0, 0, 1, 11)",2301.8023516939693,2306.104313307425,95.16077378438365,84.57798467683807,95.48057220757002
Sales,SARIMA,"(0, 1, 2)","(0, 0, 1, 11)",1263.2681952768621,1268.737378596808,47.8603676775651,40.654368472563995,96.27158446781092
Sales,SARIMA,"(1, 1, 1)","(0, 0, 1, 11)",1119.733890082597,1125.3386796092457,47.88301292487954,40.669400359523266,96.31816159957204
Sales,SARIMA,"(0, 1, 2)","(0, 0, 0, 11)",336.2127592197938,341.2793975821356,47.99013974805609,40.72928777900178,96.57995331191457
Sales,SARIMA,"(2, 1, 0)","(0, 0, 0, 11)",343.49091318914583,348.63162938925876,48.13580543997458,40.81253178753517,96.91814729800842
Sales,SARIMA,"(2, 1, 0)","(0, 0, 1, 11)",1166.5281737064888,1172.2641225244295,48.135919282338484,40.81259677339976,96.91840728781386
Sales,SARIMA,"(0, 1, 1)","(0, 0, 1, 11)",1054.9161958749485,1059.119788019935,48.23109204984019,40.86674507016326,97.1339736511209
Sales,SARIMA,"(0, 1, 1)","(0, 0, 0, 11)",341.496820449302,344.9239645827106,48.234698238228994,40.868764465851044,97.14242639159035
Sales,SARIMA,"(1, 1, 0)","(0, 0, 1, 11)",1252.3293982985408,1256.6313599119962,48.299656539935064,40.905208035039315,97.29111263092946
Sales,SARIMA,"(1, 1, 0)","(0, 0, 0, 11)",348.7497700397538,352.22510927632055,48.29965712083654,40.90520835823331,97.29111399602436
Sales,SARIMA,"(0, 1, 0)","(0, 0, 1, 11)",1332.0731721281134,1334.9411465370836,48.68670716473987,41.118181818179,98.18643186405261
Sales,SARIMA,"(0, 1, 0)","(0, 0, 0, 11)",346.93516540947246,348.6728350277558,48.68670716474318,41.118181818181824,98.18643186405922
Sales,SARIMA,"(0, 0, 0)","(0, 0, 1, 11)",1318.846963523638,1321.7784353292373,95.30628139176991,85.49090909090889,99.99999999999977
Sales,SARIMA,"(0, 0, 0)","(0, 0, 0, 11)",453.08841131485326,454.8496114305468,95.30628139177016,85.49090909090908,100.0
Sales,SARIMA,"(0, 0, 1)","(0, 0, 0, 11)",406.00335978577834,409.4786990223451,95.33535848170996,85.62334410908812,100.65561890187644
Sales,SARIMA,"(1, 0, 0)","(0, 0, 1, 11)",1515.8507276578282,1520.2479353662275,51.3351839557073,41.75458130405232,103.73057255568143
Sales,SARIMA,"(1, 0, 0)","(0, 0, 0, 11)",356.0349055665281,359.5573057979152,51.335366838514844,41.754754083728386,103.73090679264214
Sales,SARIMA,"(2, 0, 0)","(0, 0, 1, 11)",1234.857308646529,1240.720252257728,53.3949217311745,44.47716343657098,107.45990042037474
Sales,SARIMA,"(2, 0, 0)","(0, 0, 0, 11)",350.4551143451385,355.6681231999886,53.39548751696259,44.47792192731415,107.46091756135756
Sales,SARIMA,"(0, 0, 2)","(0, 0, 0, 11)",382.66651850771325,387.8072347078262,95.942816924134,86.26245108610323,107.76101778224196
Sales,SARIMA,"(1, 0, 1)","(0, 0, 1, 11)",1442.4202691915475,1448.1562180094882,53.596096119002304,44.795938218692264,107.80014067096467
Sales,SARIMA,"(1, 0, 1)","(0, 0, 0, 11)",350.41824479779655,355.63125365264665,53.810557284557824,45.081466345633196,108.16588565862457
Sales,SARIMA,"(1, 0, 2)","(0, 0, 1, 11)",1316.2049524443107,1323.2109393526216,54.45695841355747,46.42140549118516,109.28103175111067
Sales,SARIMA,"(2, 0, 1)","(0, 0, 1, 11)",1308.189886622193,1315.3598226446186,54.44853813697994,46.618979055809035,109.36095942277598
Sales,SARIMA,"(1, 0, 2)","(0, 0, 0, 11)",344.99998940841016,351.85427767522737,55.654128276863716,48.789530908397836,111.58959601358927
Sales,SARIMA,"(0, 0, 2)","(0, 0, 1, 11)",1515.6784830005972,1521.2832725272458,489.27534297601875,282.6725567349737,863.401078062305
Sales,SARIMA,"(1, 1, 2)","(0, 0, 1, 11)",1157.9740212388217,1164.810500388754,5032.521095370592,4351.762849586059,4739.212747506499
Sales,SARIMA,"(0, 0, 1)","(1, 0, 1, 11)",2000.4542931445624,2006.190241962503,243478413.44154105,73411507.3613964,59490688.05478828
Sales,SARIMA,"(2, 0, 2)","(0, 0, 1, 11)",2226.9415458057383,2235.3487300957113,12447078952.028841,7860827079.189997,6442012429.514893
Sales,SARIMA,"(2, 1, 1)","(0, 0, 1, 11)",1423.7476572625555,1430.7536441708664,20127436518656.582,13665900577666.555,12218161112608.443
Sales,ETS,trend=add,"seasonal=add, period=11",154.78943612711385,181.55228063588777,23.803378156151226,20.68407289532861,45.815990744590465
Sales,ETS,trend=add,"seasonal=None, period=-",240.81587300801542,247.95263154368845,51.11420582887287,41.665012535957004,103.216986840385
Sales,ETS,trend=None,"seasonal=add, period=11",154.75046007328146,177.94492531421884,27.06314011973379,23.526223623581494,45.25486012510314
Retail,SARIMA,"(0, 0, 0)","(0, 1, 0, 11)",192.7722061972165,194.23794210001623,0.37537859676477464,0.30000000000000004,3.0154234657423564
Retail,SARIMA,"(0, 0, 1)","(0, 1, 0, 11)",159.44368381450116,162.31165822347145,0.9900156947964398,0.5586276582505779,10.199525083813965
Retail,SARIMA,"(0, 0, 2)","(0, 1, 0, 11)",137.68368846698394,141.8872806119704,1.8330383422343084,0.9781779857172197,20.15230484496077
Retail,SARIMA,"(0, 0, 0)","(0, 1, 1, 11)",127.91352871592417,130.00257359137103,3.801448707564025,3.6242380810006654,33.23238489228413
Retail,SARIMA,"(0, 0, 1)","(0, 1, 1, 11)",106.81489966914864,109.80209648981062,3.8514286479806845,3.72065242093441,36.00709730310001
Retail,SARIMA,"(0, 0, 2)","(0, 1, 1, 11)",91.90690391777454,95.68465983444031,4.231452351861761,4.152373325748542,46.72539096063263
Retail,SARIMA,"(2, 0, 2)","(1, 0, 0, 11)",79.16815556650869,87.77207879341957,8.057233978184685,7.586245146854663,67.0726167827194
Retail,SARIMA,"(0, 0, 0)","(1, 0, 1, 11)",1163.4395357850885,1167.8367434934878,9.23979180076142,8.368011505188065,67.84283531197639
Retail,SARIMA,"(0, 0, 1)","(1, 0, 1, 11)",1223.8732990864253,1229.609247904366,9.249966543012844,8.406707215656498,68.91771615832172
Retail,SARIMA,"(0, 0, 2)","(1, 0, 1, 11)",891.2328580555558,898.2388449638665,9.338886935318628,8.635327934100415,74.08499062636625
Retail,SARIMA,"(0, 0, 2)","(1, 1, 1, 11)",83.99075031199526,88.71294520782746,9.856545113414983,9.404869398831393,84.97068272133913
Retail,SARIMA,"(0, 0, 2)","(1, 0, 0, 11)",109.84203059964082,115.82806084550674,11.721114631139912,10.650899509002025,87.40577616293325
Retail,SARIMA,"(0, 0, 1)","(1, 1, 1, 11)",98.72082550956249,102.70375460377845,10.436857604329235,9.943037773511499,88.98062910523319
Retail,SARIMA,"(0, 0, 1)","(1, 0, 0, 11)",130.0121805045541,134.50170318895354,12.506130764690173,11.264159234185534,89.73409583711333
Retail,SARIMA,"(1, 0, 0)","(1, 0, 0, 11)",84.7211322994865,89.11834000788568,10.708420491508734,10.20921973896135,92.33505939256936
Retail,SARIMA,"(0, 0, 1)","(0, 0, 1, 11)",1302.2547879961446,1306.5567496096,13.346029330372788,11.936941783542112,93.1978778256653
Retail,SARIMA,"(1, 0, 2)","(1, 0, 0, 11)",87.26312032954748,94.59179984354611,10.83465475513581,10.32616077731867,93.3789986749611
Retail,SARIMA,"(0, 1, 0)","(0, 1, 1, 11)",69.91537506303962,71.9068396101476,9.16212711848886,9.092423028185065,93.49251604567819
Retail,SARIMA,"(0, 1, 2)","(0, 1, 1, 11)",68.51729713936516,72.0787841709498,9.225073227741595,9.160118369595844,94.49192117330666
Retail,SARIMA,"(0, 1, 1)","(0, 1, 1, 11)",68.95895904369901,71.79227598119833,9.297080115188544,9.228340466804594,94.98229566691509
Retail,SARIMA,"(2, 1, 0)","(0, 1, 1, 11)",73.36811549610694,77.3510445903229,9.30059974707816,9.235940060609273,95.34453214904907
Retail,SARIMA,"(1, 1, 0)","(0, 1, 1, 11)",71.21701058317566,74.20420740383764,9.332681040633492,9.264457025935787,95.39830693163505
Retail,SARIMA,"(0, 0, 0)","(1, 0, 0, 11)",152.74057210214798,155.73358722508095,13.034687763556654,11.81772203825895,96.01869884442773
Retail,SARIMA,"(1, 0, 1)","(1, 0, 0, 11)",85.89524567331208,91.75818928451098,11.117132679746545,10.621535929605743,96.5313375746971
Retail,SARIMA,"(0, 1, 0)","(1, 0, 0, 11)",82.89779569662952,85.82926750222897,11.118256368580631,10.62445300953429,96.5953111316531
Retail,SARIMA,"(2, 0, 0)","(1, 0, 0, 11)",83.80090952214552,89.5368583400861,11.171221236126351,10.664379927290122,96.75001921093002
Retail,SARIMA,"(0, 1, 2)","(1, 0, 0, 11)",85.41240940566388,91.27535301686278,11.253791846755064,10.750429360908875,97.7156691197073
Retail,SARIMA,"(0, 1, 1)","(1, 0, 0, 11)",83.91288258340512,88.3100902918043,11.260302865174783,10.766631090319299,98.02879626283496
Retail,SARIMA,"(1, 1, 0)","(1, 0, 0, 11)",81.82332873529,86.12529034874544,11.323524376930603,10.819866263804604,98.37779159610596
Retail,SARIMA,"(1, 1, 0)","(1, 0, 1, 11)",1126.0369012548747,1131.7728500728153,10.580080024383022,10.30093493559619,98.37823537401319
Retail,SARIMA,"(0, 0, 2)","(1, 1, 0, 11)",94.54773272644076,98.91190253987402,12.45931672885259,11.621726614965997,98.38726348865937
Retail,SARIMA,"(0, 1, 1)","(1, 0, 1, 11)",991.9577572904964,997.562546817145,10.590245424318326,10.311043728463973,98.47474093088057
Retail,SARIMA,"(1, 1, 1)","(0, 1, 1, 11)",68.7334647424036,72.51122065906935,9.586133842029868,9.528276276890002,98.55251596066982
Retail,SARIMA,"(2, 1, 0)","(1, 0, 0, 11)",81.1179961228477,86.72278564949632,11.388132154069353,10.86593251435435,98.5540693666892
Retail,SARIMA,"(1, 1, 1)","(1, 0, 1, 11)",1194.595917168266,1201.6019040765768,10.591112074677053,10.3141083348054,98.58802414467041
Retail,SARIMA,"(0, 1, 0)","(1, 0, 1, 11)",1159.0818156545354,1163.3837772679908,10.664615845742263,10.38741327860069,99.314033290196
Retail,SARIMA,"(2, 1, 0)","(1, 0, 1, 11)",896.6460662535571,903.6520531618679,10.651454197831987,10.378829267562967,99.42475440835399
Retail,SARIMA,"(0, 1, 2)","(1, 0, 1, 11)",1109.1921680366693,1116.0286471866016,10.671259575512298,10.397582716747785,99.58176664749924
Retail,SARIMA,"(0, 0, 0)","(0, 0, 1, 11)",1533.2249165285614,1536.1563883341607,13.387307421584039,12.181818181818151,99.99999999999976
Retail,SARIMA,"(0, 0, 0)","(0, 0, 0, 11)",298.284152696335,300.04535281202857,13.387307421584074,12.181818181818182,100.0
Retail,SARIMA,"(0, 1, 1)","(1, 1, 1, 11)",70.14255766542675,73.92031358209252,9.903358907557296,9.820782124046456,100.1707790047693
Retail,SARIMA,"(0, 0, 1)","(1, 1, 0, 11)",106.26321290521815,109.5363402652931,12.83437171462764,11.95109622286323,100.28086730742898
Retail,SARIMA,"(1, 1, 0)","(1, 1, 1, 11)",72.4114607695204,76.39438986373636,9.926415446205395,9.842200065720158,100.32569387671883
Retail,SARIMA,"(0, 1, 0)","(1, 1, 1, 11)",71.18608740636091,74.17328422702289,9.88936689740032,9.820124397274254,100.87296197153468
Retail,SARIMA,"(0, 0, 0)","(1, 1, 1, 11)",114.12713416789487,117.26070148106514,11.382081767879736,10.958338420490911,101.10227186198885
Retail,SARIMA,"(2, 0, 1)","(1, 0, 0, 11)",80.3098168240743,87.47975284650003,11.700662367051276,11.146345909457184,101.20205595039253
Retail,SARIMA,"(0, 1, 1)","(1, 1, 0, 11)",74.01057860071293,77.14414591388321,10.168571458272904,10.071004594081232,101.80032183829262
Retail,SARIMA,"(1, 1, 0)","(1, 1, 0, 11)",71.53521570063307,74.52241252129505,10.211482178743752,10.108460765463992,101.94330627657666
Retail,SARIMA,"(2, 1, 1)","(1, 0, 0, 11)",77.3095121035154,84.31549901182618,11.853334059611823,11.2727273361409,101.98956184454701
Retail,SARIMA,"(0, 0, 1)","(0, 0, 0, 11)",251.37254157651904,254.84788081308577,13.409570181450531,12.25621857689847,102.06667764111914
Retail,SARIMA,"(1, 1, 1)","(1, 0, 0, 11)",78.32072668547879,84.05667550341937,11.807566052905242,11.251435983966743,102.21997072900699
Retail,SARIMA,"(0, 1, 2)","(1, 1, 0, 11)",75.98403051265832,80.16212026355201,10.139875930632565,10.05418081871374,102.22815341490856
Retail,SARIMA,"(1, 1, 2)","(1, 0, 0, 11)",79.378242903587,86.54817892601272,11.853658070344101,11.279529439051883,102.249840878137
Retail,SARIMA,"(0, 1, 0)","(1, 1, 0, 11)",72.52805855115542,74.61710342660227,9.94216616283299,9.893197071120928,102.70489809594396
Retail,SARIMA,"(2, 1, 0)","(1, 1, 0, 11)",71.05123259537663,74.8289885120424,10.210625637375152,10.123671734453517,102.9244007085895
Retail,SARIMA,"(0, 0, 2)","(0, 0, 0, 11)",224.48059690204008,229.621313102153,13.45963915111459,12.252843309695335,104.29968592203325
Retail,SARIMA,"(1, 0, 0)","(1, 0, 1, 11)",1316.4626081399042,1322.3255517511031,13.078235669983787,12.18283100599977,104.81789525077684
Retail,SARIMA,"(1, 1, 1)","(1, 1, 0, 11)",72.05992319583355,76.04285229004951,10.653846599453487,10.519076881573385,104.96855984946944
Retail,SARIMA,"(0, 0, 2)","(0, 0, 1, 11)",966.8881992884644,972.492988815113,13.487784967617875,12.349017081157688,106.42194602322877
Retail,SARIMA,"(2, 0, 1)","(1, 0, 1, 11)",1101.4054810097489,1110.0094042366597,13.270080985141375,12.364143139991194,106.45817158190152
Retail,SARIMA,"(2, 0, 0)","(1, 0, 1, 11)",1246.1748780413536,1253.3448140637793,13.289108652910516,12.380118104518912,106.55928915502011
Retail,SARIMA,"(1, 0, 1)","(1, 0, 1, 11)",875.5133374014711,882.6832734238968,13.293347131326346,12.383942377146964,106.5868264530466
Retail,SARIMA,"(0, 1, 0)","(0, 1, 0, 11)",92.0061174730593,93.44010467754445,9.732980483444502,9.727272727283134,106.88550132049556
Retail,SARIMA,"(0, 1, 1)","(0, 1, 0, 11)",92.02338854269445,94.82578330601876,9.73492773453069,9.729221120745974,106.90691397243405
Retail,SARIMA,"(1, 1, 0)","(0, 1, 0, 11)",93.91942218497135,96.78739659394165,9.738017564137294,9.732312813034286,106.94128512451195
Retail,SARIMA,"(1, 0, 2)","(1, 0, 1, 11)",1004.3418746251714,1012.7490589151444,13.381303988334432,12.46558989056823,107.28080413728631
Retail,SARIMA,"(0, 1, 2)","(0, 1, 0, 11)",91.401860495624,95.50374798558343,9.885352735054289,9.879733809992983,108.56620031646136
Retail,SARIMA,"(2, 1, 0)","(0, 1, 0, 11)",93.06119304814162,97.26478519312809,9.981839286104055,9.976243189909844,109.55992115970403
Retail,SARIMA,"(1, 1, 1)","(0, 1, 0, 11)",92.41061035614662,96.6142025011331,9.974385336887732,9.96977382999973,109.72716613537237
Retail,SARIMA,"(1, 1, 2)","(0, 1, 0, 11)",91.35985484967209,96.82903816961799,10.078284637325607,10.073576823505102,110.89733366100785
Retail,SARIMA,"(2, 1, 1)","(0, 1, 0, 11)",93.56080504952928,99.1655945761779,10.102842958512198,10.098210439489199,111.12947870243322
Retail,SARIMA,"(0, 0, 0)","(1, 1, 0, 11)",119.01348548367723,121.19557039039385,14.105661158702398,13.26577540106952,114.58504152464299
Retail,SARIMA,"(0, 1, 0)","(0, 0, 1, 11)",1127.3736072561098,1130.24158166508,9.91775267799185,8.381818181818149,124.96223328346512
Retail,SARIMA,"(0, 1, 0)","(0, 0, 0, 11)",162.46808450375934,164.20575412204272,9.917752677992032,8.381818181818181,124.96223328346774
Retail,SARIMA,"(0, 1, 1)","(0, 0, 0, 11)",161.27624941150734,164.70339354491594,10.000082046605666,8.462956972023916,125.96744591917283
Retail,SARIMA,"(0, 1, 1)","(0, 0, 1, 11)",971.7410094377618,975.9446015827483,10.0095130082941,8.472232383466327,126.08235718121479
Retail,SARIMA,"(1, 1, 0)","(0, 0, 1, 11)",1104.466111497722,1108.7680731111775,10.049403995928591,8.512508393119553,126.55669574207684
Retail,SARIMA,"(1, 1, 0)","(0, 0, 0, 11)",164.02213370803707,167.4974729446038,10.049403995928783,8.512508393119594,126.55669574207961
Retail,SARIMA,"(1, 1, 1)","(0, 0, 1, 11)",1174.3783737040826,1179.9831632307312,10.239537299581,8.717089018396422,128.71860131412492
Retail,SARIMA,"(1, 1, 2)","(0, 0, 0, 11)",161.45794234518786,168.2134601616436,10.29025728396615,8.755118951683402,129.37281403556523
Retail,SARIMA,"(0, 1, 2)","(0, 0, 0, 11)",159.46006709499935,164.52670545734117,10.305765713092619,8.771658126719066,129.54415422448398
Retail,SARIMA,"(0, 1, 2)","(0, 0, 1, 11)",1089.5820500231873,1095.0512333431332,10.30963694270844,8.775688723827226,129.58706714210976
Retail,SARIMA,"(1, 1, 2)","(0, 0, 1, 11)",1215.6564954962641,1222.4929746461964,10.353288699396478,8.822278675539282,130.06983834058852
Retail,SARIMA,"(2, 1, 1)","(0, 0, 1, 11)",987.4409515287549,994.4469384370657,10.469568604706748,8.946969230043667,131.36892796794356
Retail,SARIMA,"(2, 1, 1)","(0, 0, 0, 11)",164.2237253263383,171.07801359315553,10.489913949507077,8.969101053218587,131.58921287260736
Retail,SARIMA,"(2, 1, 0)","(0, 0, 1, 11)",1055.920648417748,1061.6565972356887,10.507588044982214,8.98849565735313,131.77914609301035
Retail,SARIMA,"(2, 1, 0)","(0, 0, 0, 11)",162.22594788403703,167.36666408414996,10.507588105663427,8.988495720602005,131.77914676843702
Retail,SARIMA,"(2, 1, 2)","(0, 0, 0, 11)",163.37995428584597,171.82435155641565,10.565407978362975,9.055958920944015,132.4367044334158
Retail,SARIMA,"(2, 0, 1)","(0, 1, 1, 11)",73.03420262446434,78.01286399223429,13.625477291724328,13.426367918392744,133.74832672645294
Retail,SARIMA,"(1, 0, 0)","(0, 1, 0, 11)",94.28107849458915,97.21255030018861,13.542190185641235,13.37386865328335,134.28254676983659
Retail,SARIMA,"(1, 1, 1)","(0, 0, 0, 11)",162.64459659421505,167.78531279432798,10.71993091398275,9.314521015088769,134.33661886767987
Retail,SARIMA,"(2, 0, 0)","(0, 1, 0, 11)",93.3850726049701,97.68703421842554,14.595839329118412,14.347577143510785,141.79691906513528
Retail,SARIMA,"(1, 0, 1)","(0, 1, 0, 11)",93.4273858552775,97.72934746873295,14.755213296020687,14.491811925019727,142.8221589286518
Retail,SARIMA,"(2, 0, 2)","(0, 1, 0, 11)",93.64084741926851,100.64683432757928,14.704084212622481,14.467858044575172,143.60411525574318
Retail,SARIMA,"(2, 0, 0)","(0, 1, 1, 11)",75.25271407754826,79.43080382844195,14.847146992144644,14.584622819578346,143.88883465582362
Retail,SARIMA,"(1, 0, 2)","(0, 1, 0, 11)",93.56864078174173,99.17343030839035,15.035224252968069,14.746287304703884,144.6991777124602
Retail,SARIMA,"(2, 0, 1)","(0, 1, 0, 11)",93.99240855293229,99.72835737087287,14.9162720166418,14.659573266536313,144.9469810674229
Retail,SARIMA,"(1, 0, 1)","(0, 1, 1, 11)",72.98473054527412,76.96765963949008,15.03130479563171,14.751439794086888,145.0945337996326
Retail,SARIMA,"(2, 0, 0)","(1, 1, 1, 11)",74.96038170779957,79.93904307556953,15.006091218346763,14.73557290125075,145.26511083293963
Retail,SARIMA,"(1, 0, 2)","(0, 1, 1, 11)",72.67412763794589,77.39632253377809,15.158045298599006,14.854918692403634,145.39148543598387
Retail,SARIMA,"(2, 0, 0)","(1, 1, 0, 11)",72.95996230069746,76.94289139491342,15.089558389540574,14.814295384800475,145.9659136612619
Retail,SARIMA,"(2, 0, 1)","(1, 1, 0, 11)",73.09078734411068,78.06944871188063,15.190438147746342,14.913775008092255,147.2063414559151
Retail,SARIMA,"(1, 0, 2)","(1, 1, 0, 11)",77.28445428000394,82.50706646862106,15.516931621522742,15.202265968025268,148.84709414310493
Retail,SARIMA,"(1, 0, 1)","(1, 1, 0, 11)",75.29541576023807,79.47350551113176,15.539086280604055,15.23353772787746,149.52575385574647
Retail,SARIMA,"(1, 0, 0)","(1, 1, 0, 11)",73.84097172663363,76.9745390398039,16.932026297219885,16.577713603438752,162.84485298266029
Retail,SARIMA,"(1, 0, 1)","(1, 1, 1, 11)",73.52519519475422,78.50385656252418,17.799993907131174,17.30847726286199,165.94198439911864
Retail,SARIMA,"(1, 0, 0)","(1, 1, 1, 11)",74.43699764614766,78.61508739704135,18.54973528314636,18.098289350304512,177.19222215900842
Retail,SARIMA,"(1, 0, 0)","(0, 1, 1, 11)",73.29239594869662,76.4259632618669,19.35382867522128,18.87484534129077,184.5193008313379
Retail,SARIMA,"(1, 0, 0)","(0, 0, 0, 11)",162.8678398555398,166.39024008692695,19.883873702791707,19.810770960371507,210.0875160859355
Retail,SARIMA,"(1, 0, 0)","(0, 0, 1, 11)",1397.4526806621584,1401.8498883705577,19.883873939712398,19.81077118537047,210.08751769186725
Retail,SARIMA,"(2, 0, 2)","(0, 0, 0, 11)",160.62104112194177,169.1889014554633,20.631329084404097,20.446795042815435,212.09547162784014
Retail,SARIMA,"(2, 0, 2)","(0, 0, 1, 11)",1283.3938953550069,1291.8010796449798,20.223575288981788,20.12846540438487,212.15733481565056
Retail,SARIMA,"(2, 0, 1)","(0, 0, 1, 11)",1179.124911953563,1186.2948479759887,20.377880211619924,20.278401395889095,213.45025710863078
Retail,SARIMA,"(2, 0, 1)","(0, 0, 0, 11)",163.95566050041705,170.90633897355053,20.483209236596863,20.37725558958956,214.13696940516598
Retail,SARIMA,"(1, 0, 1)","(0, 0, 1, 11)",949.8476853317752,955.5836341497157,20.48882349229379,20.382402220866226,214.16573318206628
Retail,SARIMA,"(2, 0, 0)","(0, 0, 0, 11)",161.95568303306555,167.16869188791566,20.487843318244096,20.381599829726426,214.16711914274268
Retail,SARIMA,"(2, 0, 0)","(0, 0, 1, 11)",1409.965179238334,1415.828122849533,20.487843547063008,20.38160004492846,214.16712067905567
Retail,SARIMA,"(1, 0, 1)","(0, 0, 0, 11)",161.95738142215114,167.17039027700125,20.512952784188023,20.40509115350517,214.3277502633114
Retail,SARIMA,"(1, 0, 2)","(0, 0, 0, 11)",161.21602370700145,168.0703119738187,20.614506210263468,20.50016050940976,214.9877872603437
Retail,SARIMA,"(1, 0, 2)","(0, 0, 1, 11)",1080.1008303913143,1087.1068172996252,20.684721595891503,20.565853865910128,215.4470818162149
Retail,ETS,trend=add,"seasonal=add, period=11",1.506114838795245,28.26895934756916,12.425215266471215,12.408460531292445,139.7855846873316
Retail,ETS,trend=add,"seasonal=None, period=-",45.76711615101345,52.90387468668649,11.657905489314086,10.897252547079166,144.98850573589777
Retail,ETS,trend=None,"seasonal=add, period=11",12.1208869497664,35.31535219070379,6.907879051685635,5.82780485049475,87.39917702133837
Retail,SARIMA,"(0, 0, 3)","(0, 0, 2, 11)",106.65585874164941,111.9980892890264,3.673940650007109,2.955213897443423,40.028932515640534
